-- phpMyAdmin SQL Dump
-- version 5.2.1
-- https://www.phpmyadmin.net/
--
-- Хост: 127.0.0.1
-- Время создания: Фев 21 2025 г., 09:44
-- Версия сервера: 10.4.28-MariaDB
-- Версия PHP: 8.0.28

SET SQL_MODE = "NO_AUTO_VALUE_ON_ZERO";
START TRANSACTION;
SET time_zone = "+00:00";


/*!40101 SET @OLD_CHARACTER_SET_CLIENT=@@CHARACTER_SET_CLIENT */;
/*!40101 SET @OLD_CHARACTER_SET_RESULTS=@@CHARACTER_SET_RESULTS */;
/*!40101 SET @OLD_COLLATION_CONNECTION=@@COLLATION_CONNECTION */;
/*!40101 SET NAMES utf8mb4 */;

--
-- База данных: `я_могу`
--

-- --------------------------------------------------------

--
-- Структура таблицы `посещаемость`
--

CREATE TABLE `посещаемость` (
  `Код_посещаемости` int(11) NOT NULL,
  `Код_обуч` int(11) NOT NULL,
  `Код_занятия` int(11) NOT NULL,
  `Дата` varchar(10) NOT NULL,
  `Присутствие` int(11) NOT NULL
) ENGINE=InnoDB DEFAULT CHARSET=utf8mb4 COLLATE=utf8mb4_general_ci;

--
-- Дамп данных таблицы `посещаемость`
--

INSERT INTO `посещаемость` (`Код_посещаемости`, `Код_обуч`, `Код_занятия`, `Дата`, `Присутствие`) VALUES
(1, 4, 4, '2024-08-22', 1),
(2, 4, 4, '2024-08-24', 1),
(3, 5, 4, '2024-08-24', 1),
(4, 5, 5, '2024-08-31', 1),
(5, 5, 4, '2024-08-29', 1),
(6, 5, 4, '2024-08-22', 1),
(7, 4, 4, '2024-09-02', 1),
(8, 4, 4, '2024-09-09', 1),
(9, 4, 4, '2024-09-16', 1),
(10, 4, 4, '2024-09-23', 1),
(11, 5, 4, '2024-09-02', 1),
(12, 5, 4, '2024-09-09', 1),
(13, 5, 4, '2024-09-16', 1),
(14, 5, 4, '2024-09-23', 1);

-- --------------------------------------------------------

--
-- Структура таблицы `занятия`
--

CREATE TABLE `занятия` (
  `Код_занятия` int(11) NOT NULL,
  `Название` varchar(15) NOT NULL,
  `ФИО_педагога` varchar(40) NOT NULL,
  `Стоимость_1_занятия` int(11) NOT NULL,
  `Стоимость_10_занятий` int(11) NOT NULL
) ENGINE=InnoDB DEFAULT CHARSET=utf8mb4 COLLATE=utf8mb4_general_ci;

--
-- Дамп данных таблицы `занятия`
--

INSERT INTO `занятия` (`Код_занятия`, `Название`, `ФИО_педагога`, `Стоимость_1_занятия`, `Стоимость_10_занятий`) VALUES
(4, 'Подготовка к шк', 'Анна Анатольевна', 1100, 9900),
(5, 'Подготовка к шк', 'Кот', 550, 5000);

-- --------------------------------------------------------

--
-- Структура таблицы `оплата`
--

CREATE TABLE `оплата` (
  `Код_оплаты` int(11) NOT NULL,
  `Код_обуч` int(11) NOT NULL,
  `Код_занятия` int(11) NOT NULL,
  `Кол-во` int(11) NOT NULL,
  `Дата` varchar(10) NOT NULL,
  `Способ_оплаты` varchar(20) NOT NULL,
  `Сумма` int(11) NOT NULL
) ENGINE=InnoDB DEFAULT CHARSET=utf8mb4 COLLATE=utf8mb4_general_ci;

--
-- Дамп данных таблицы `оплата`
--

INSERT INTO `оплата` (`Код_оплаты`, `Код_обуч`, `Код_занятия`, `Кол-во`, `Дата`, `Способ_оплаты`, `Сумма`) VALUES
(3, 4, 4, 10, '2024-08-22', 'Безналичный расчет', 9900),
(4, 5, 4, 1, '2024-08-22', 'Безналичный расчет', 1100),
(5, 5, 4, 3, '2024-08-22', 'Безналичный расчет', 3300),
(6, 5, 5, 1, '2024-08-22', 'Наличный расчет', 550);

-- --------------------------------------------------------

--
-- Структура таблицы `обучающиеся`
--

CREATE TABLE `обучающиеся` (
  `Код_обуч` int(11) NOT NULL,
  `Фамилия` varchar(20) NOT NULL,
  `Имя` varchar(20) NOT NULL,
  `Основной_контакт` varchar(40) NOT NULL,
  `Основной_номер_тел` varchar(16) NOT NULL,
  `Доп_контакт` varchar(40) NOT NULL,
  `Доп_номер_тел` varchar(16) NOT NULL
) ENGINE=InnoDB DEFAULT CHARSET=utf8mb4 COLLATE=utf8mb4_general_ci;

--
-- Дамп данных таблицы `обучающиеся`
--

INSERT INTO `обучающиеся` (`Код_обуч`, `Фамилия`, `Имя`, `Основной_контакт`, `Основной_номер_тел`, `Доп_контакт`, `Доп_номер_тел`) VALUES
(4, 'Сорокина', 'Анна', 'Ольга', '+7(123)456-78-90', '', '+7(   )   -  -'),
(5, 'Воробьев', 'Иван', 'Кот', '+7(123)456-78-90', '', '+7(   )   -  -');

-- --------------------------------------------------------

--
-- Структура таблицы `расписание`
--

CREATE TABLE `расписание` (
  `Код_расписания` int(11) NOT NULL,
  `Время` varchar(11) NOT NULL,
  `Кабинет` varchar(10) NOT NULL,
  `Код_занятия` int(11) NOT NULL,
  `Дата` varchar(10) NOT NULL
) ENGINE=InnoDB DEFAULT CHARSET=utf8mb4 COLLATE=utf8mb4_general_ci;

--
-- Дамп данных таблицы `расписание`
--

INSERT INTO `расписание` (`Код_расписания`, `Время`, `Кабинет`, `Код_занятия`, `Дата`) VALUES
(3, '8:00-8:45', '1', 4, '2024-08-22'),
(4, '9:00-9:45', '2', 4, '2024-08-24'),
(5, '13:00-13:45', '2', 4, '2024-08-29'),
(6, '12:00-12:45', '2', 4, '2024-08-27'),
(7, '15:00-15:45', '2', 4, '2024-08-31'),
(8, '18:00-18:45', '2', 5, '2024-08-31'),
(9, '9:00-9:45', '2', 4, '2024-09-02'),
(10, '13:00-13:45', '2', 4, '2024-09-09'),
(11, '13:00-13:45', '2', 4, '2024-09-16');

--
-- Индексы сохранённых таблиц
--

--
-- Индексы таблицы `посещаемость`
--
ALTER TABLE `посещаемость`
  ADD PRIMARY KEY (`Код_посещаемости`),
  ADD KEY `Код_обуч` (`Код_обуч`,`Код_занятия`),
  ADD KEY `Код_занятия` (`Код_занятия`);

--
-- Индексы таблицы `занятия`
--
ALTER TABLE `занятия`
  ADD PRIMARY KEY (`Код_занятия`);

--
-- Индексы таблицы `оплата`
--
ALTER TABLE `оплата`
  ADD PRIMARY KEY (`Код_оплаты`),
  ADD KEY `Код_обуч` (`Код_обуч`,`Код_занятия`),
  ADD KEY `Код_занятия` (`Код_занятия`);

--
-- Индексы таблицы `обучающиеся`
--
ALTER TABLE `обучающиеся`
  ADD PRIMARY KEY (`Код_обуч`);

--
-- Индексы таблицы `расписание`
--
ALTER TABLE `расписание`
  ADD PRIMARY KEY (`Код_расписания`),
  ADD KEY `Код_занятия` (`Код_занятия`);

--
-- AUTO_INCREMENT для сохранённых таблиц
--

--
-- AUTO_INCREMENT для таблицы `посещаемость`
--
ALTER TABLE `посещаемость`
  MODIFY `Код_посещаемости` int(11) NOT NULL AUTO_INCREMENT, AUTO_INCREMENT=15;

--
-- AUTO_INCREMENT для таблицы `занятия`
--
ALTER TABLE `занятия`
  MODIFY `Код_занятия` int(11) NOT NULL AUTO_INCREMENT, AUTO_INCREMENT=6;

--
-- AUTO_INCREMENT для таблицы `оплата`
--
ALTER TABLE `оплата`
  MODIFY `Код_оплаты` int(11) NOT NULL AUTO_INCREMENT, AUTO_INCREMENT=7;

--
-- AUTO_INCREMENT для таблицы `обучающиеся`
--
ALTER TABLE `обучающиеся`
  MODIFY `Код_обуч` int(11) NOT NULL AUTO_INCREMENT, AUTO_INCREMENT=6;

--
-- AUTO_INCREMENT для таблицы `расписание`
--
ALTER TABLE `расписание`
  MODIFY `Код_расписания` int(11) NOT NULL AUTO_INCREMENT, AUTO_INCREMENT=13;

--
-- Ограничения внешнего ключа сохраненных таблиц
--

--
-- Ограничения внешнего ключа таблицы `посещаемость`
--
ALTER TABLE `посещаемость`
  ADD CONSTRAINT `посещаемость_ibfk_1` FOREIGN KEY (`Код_обуч`) REFERENCES `обучающиеся` (`Код_обуч`),
  ADD CONSTRAINT `посещаемость_ibfk_2` FOREIGN KEY (`Код_занятия`) REFERENCES `занятия` (`Код_занятия`);

--
-- Ограничения внешнего ключа таблицы `оплата`
--
ALTER TABLE `оплата`
  ADD CONSTRAINT `оплата_ibfk_1` FOREIGN KEY (`Код_обуч`) REFERENCES `обучающиеся` (`Код_обуч`),
  ADD CONSTRAINT `оплата_ibfk_2` FOREIGN KEY (`Код_занятия`) REFERENCES `занятия` (`Код_занятия`);

--
-- Ограничения внешнего ключа таблицы `расписание`
--
ALTER TABLE `расписание`
  ADD CONSTRAINT `расписание_ibfk_1` FOREIGN KEY (`Код_занятия`) REFERENCES `занятия` (`Код_занятия`);
COMMIT;

/*!40101 SET CHARACTER_SET_CLIENT=@OLD_CHARACTER_SET_CLIENT */;
/*!40101 SET CHARACTER_SET_RESULTS=@OLD_CHARACTER_SET_RESULTS */;
/*!40101 SET COLLATION_CONNECTION=@OLD_COLLATION_CONNECTION */;
